# Third-party binaries that CI and local tooling download, pinned by content.
#
# Every download goes through scripts/ci/fetch-verified.sh, which refuses to
# hand a file to the caller unless its SHA-256 matches the digest below. A
# pinned version alone is not integrity protection: an upstream release tag can
# be deleted and re-cut with different bytes, and the runners that fetch these
# binaries hold a GITHUB_TOKEN and execute PR code.
#
# Columns, whitespace-separated:
#   name    lookup key passed to fetch-verified.sh
#   arch    architecture this row's digest belongs to (amd64, arm64, or any)
#   sha256  expected digest of the downloaded file
#   url     download location
#
# Bumping a version means replacing the url AND the sha256 in the same edit.
# kind, yq and helm-docs each publish a checksum file next to their release
# assets -- take the digest from there rather than from a local download:
#   kind       <url>.sha256sum
#   yq         .../checksums (SHA-256 is the column named in checksums_hashes_order)
#   helm-docs  .../checksums.txt
# tlaplus publishes no checksums, so tla2tools.jar is pinned from the artifact
# itself; a mismatch there means the release tag was re-cut and needs a look
# before the digest is updated.

kind       amd64  eb244cbafcc157dff60cf68693c14c9a75c4e6e6fedaf9cd71c58117cb93e3fa  https://kind.sigs.k8s.io/dl/v0.31.0/kind-linux-amd64
kind       arm64  8e1014e87c34901cc422a1445866835d1e666f2a61301c27e722bdeab5a1f7e4  https://kind.sigs.k8s.io/dl/v0.31.0/kind-linux-arm64
yq         amd64  a2c097180dd884a8d50c956ee16a9cec070f30a7947cf4ebf87d5f36213e9ed7  https://github.com/mikefarah/yq/releases/download/v4.44.3/yq_linux_amd64
yq         arm64  0e7e1524f68d91b3ff9b089872d185940ab0fa020a5a9052046ef10547023156  https://github.com/mikefarah/yq/releases/download/v4.44.3/yq_linux_arm64
helm-docs  amd64  a8cf72ada34fad93285ba2a452b38bdc5bd52cc9a571236244ec31022928d6cc  https://github.com/norwoodj/helm-docs/releases/download/v1.14.2/helm-docs_1.14.2_Linux_x86_64.tar.gz
helm-docs  arm64  c3787212332386dcd122debef7848feb165aa701467ae3e3442df7638f3ac4e4  https://github.com/norwoodj/helm-docs/releases/download/v1.14.2/helm-docs_1.14.2_Linux_arm64.tar.gz
tla2tools  any    ab323b79802aedc3203b3f9af37c6aca3ed43f4e0225b36f2aa77b26de46c05f  https://github.com/tlaplus/tlaplus/releases/download/v1.8.0/tla2tools.jar
